concelho.y,ano,Pop,H,M
Arcos de Valdevez,2012,22426,10210,12216
Caminha,2012,16512,7643,8869
Melgaço,2012,8943,3952,4991
Monção,2012,19025,8633,10392
Paredes de Coura,2012,9086,4328,4758
Ponte da Barca,2012,11889,5482,6407
Ponte de Lima,2012,43283,20336,22947
Valença,2012,13933,6489,7444
Viana do Castelo,2012,87896,41426,46470
Vila Nova de Cerveira,2012,9166,4385,4781
Amares,2012,18709,9051,9658
Barcelos,2012,120084,57973,62111
Braga,2012,182110,86790,95320
Esposende,2012,34286,16294,17992
Terras de Bouro,2012,7000,3353,3647
Vila Verde,2012,47901,22976,24925
Fafe,2012,50249,23704,26545
Guimarães,2012,157214,76139,81075
Póvoa de Lanhoso,2012,21889,10404,11485
Santo Tirso,2012,70996,33893,37103
Trofa,2012,38843,18683,20160
Vieira do Minho,2012,12719,6113,6606
Vila Nova de Famalicão,2012,133974,64762,69212
Vizela,2012,23851,11667,12184
Espinho,2012,30929,14627,16302
Gondomar,2012,168016,80644,87372
Maia,2012,136017,64994,71023
Matosinhos,2012,175321,83062,92259
Porto,2012,227535,103132,124403
Póvoa de Varzim,2012,63282,29898,33384
Valongo,2012,94884,45344,49540
Vila do Conde,2012,79808,38480,41328
Vila Nova de Gaia,2012,303149,144330,158819
Amarante,2012,55677,26655,29022
Baião,2012,20119,9622,10497
Cabeceiras de Basto,2012,16520,8024,8496
Castelo de Paiva,2012,16432,8014,8418
Celorico de Basto,2012,19952,9678,10274
Cinfães,2012,19953,9695,10258
Felgueiras,2012,57904,27910,29994
Lousada,2012,47450,23047,24403
Marco de Canaveses,2012,53273,25918,27355
Mondim de Basto,2012,7401,3560,3841
Paços de Ferreira,2012,56929,28347,28582
Paredes,2012,87020,42537,44483
Penafiel,2012,71848,34882,36966
Resende,2012,11083,5395,5688
Ribeira de Pena,2012,6419,3157,3262
Arouca,2012,22002,10597,11405
Oliveira de Azeméis,2012,68186,32902,35284
Santa Maria da Feira,2012,140066,67573,72493
São João da Madeira,2012,21685,10219,11466
Vale de Cambra,2012,22558,10903,11655
Alijó,2012,11641,5587,6054
Armamar,2012,6150,2895,3255
Carrazeda de Ansiães,2012,6173,2948,3225
Freixo de Espada à Cinta,2012,3677,1752,1925
Lamego,2012,26293,12545,13748
Mesão Frio,2012,4311,2028,2283
Moimenta da Beira,2012,10106,4842,5264
Penedono,2012,2876,1379,1497
Peso da Régua,2012,16793,7937,8856
Sabrosa,2012,6256,3011,3245
Santa Marta de Penaguião,2012,7152,3359,3793
São João da Pesqueira,2012,7666,3772,3894
Sernancelhe,2012,5634,2726,2908
Tabuaço,2012,6301,3014,3287
Tarouca,2012,7959,3847,4112
Torre de Moncorvo,2012,8373,4000,4373
Vila Flor,2012,6531,3130,3401
Vila Nova de Foz Côa,2012,7102,3349,3753
Vila Real,2012,51417,24534,26883
Alfandega da Fé,2012,4922,2388,2534
Boticas,2012,5591,2674,2917
Bragança,2012,34983,16848,18135
Chaves,2012,40903,19532,21371
Macedo de Cavaleiros,2012,15426,7307,8119
Miranda do Douro,2012,7400,3627,3773
Mirandela,2012,23324,11076,12248
Mogadouro,2012,9247,4523,4724
Montalegre,2012,10163,4885,5278
Murça,2012,5861,2825,3036
Valpaços,2012,16407,7698,8709
Vila Pouca de Aguiar,2012,12912,6196,6716
Vimioso,2012,4518,2198,2320
Vinhais,2012,8764,4304,4460
Águeda,2012,47371,22704,24667
Albergaria-a-Velha,2012,24907,12013,12894
Anadia,2012,28656,13672,14984
Aveiro,2012,77675,36527,41148
Estarreja,2012,26710,12837,13873
Ílhavo,2012,38502,18265,20237
Mealhada,2012,20343,9702,10641
Murtosa,2012,10488,5042,5446
Oliveira do Bairro,2012,23356,11071,12285
Ovar,2012,55094,26378,28716
Sever do Vouga,2012,12125,5838,6287
Vagos,2012,22880,10915,11965
Cantanhede,2012,36389,17256,19133
Coimbra,2012,139151,64757,74394
Condeixa-a-Nova,2012,17320,8079,9241
Figueira da Foz,2012,61505,28962,32543
Mira,2012,12324,5815,6509
Montemor-o-Velho,2012,26048,12510,13538
Penacova,2012,14887,6992,7895
Soure,2012,18740,8863,9877
Batalha,2012,15820,7603,8217
Leiria,2012,126348,60797,65551
Marinha Grande,2012,38709,18492,20217
Pombal,2012,54624,26069,28555
Porto de Mós,2012,24154,11744,12410
Alvaiázere,2012,7155,3330,3825
Ansião,2012,12897,6066,6831
Arganil,2012,11851,5637,6214
Castanheira de Pêra,2012,3026,1423,1603
Figueiró dos Vinhos,2012,6031,2829,3202
Góis,2012,4120,1914,2206
Lousã,2012,17439,8440,8999
Miranda do Corvo,2012,13048,6273,6775
Oliveira do Hospital,2012,20519,9811,10708
Pampilhosa da Serra,2012,4314,1989,2325
Pedrógão Grande,2012,3761,1787,1974
Penela,2012,5821,2742,3079
Tábua,2012,11931,5679,6252
Vila Nova de Poiares,2012,7207,3421,3786
Aguiar da Beira,2012,5308,2482,2826
Carregal do Sal,2012,9711,4613,5098
Castro Daire,2012,14976,7187,7789
Mangualde,2012,19633,9443,10190
Mortágua,2012,9439,4481,4958
Nelas,2012,13798,6528,7270
Oliveira de Frades,2012,10207,4851,5356
Penalva do Castelo,2012,7795,3717,4078
Santa Comba Dão,2012,11317,5301,6016
São Pedro do Sul,2012,16521,7716,8805
Sátão,2012,12261,5804,6457
Tondela,2012,28488,13502,14986
Vila Nova de Paiva,2012,5079,2392,2687
Viseu,2012,98778,46445,52333
Vouzela,2012,10341,4906,5435
Mação,2012,7089,3365,3724
Oleiros,2012,5544,2617,2927
Proença-a-Nova,2012,8116,3863,4253
Sertã,2012,15612,7393,8219
Vila de Rei,2012,3453,1568,1885
Fornos de Algodres,2012,4920,2290,2630
Gouveia,2012,13655,6277,7378
Seia,2012,24121,11452,12669
Almeida,2012,6835,3188,3647
Celorico da Beira,2012,7512,3514,3998
Figueira de Castelo Rodrigo,2012,6162,2952,3210
Guarda,2012,41549,19772,21777
Manteigas,2012,3347,1579,1768
Meda,2012,5026,2387,2639
Pinhel,2012,9334,4424,4910
Sabugal,2012,12146,5692,6454
Trancoso,2012,9666,4579,5087
Castelo Branco,2012,55005,26091,28914
Idanha-a-Nova,2012,9339,4442,4897
Penamacor,2012,5443,2653,2790
Vila Velha de Ródão,2012,3432,1594,1838
Belmonte,2012,6723,3233,3490
Covilhã,2012,50486,24039,26447
Fundão,2012,28560,13643,14917
Alcobaça,2012,56037,27034,29003
Alenquer,2012,43194,20989,22205
Arruda dos Vinhos,2012,13936,6800,7136
Bombarral,2012,13011,6271,6740
Cadaval,2012,14105,6796,7309
Caldas da Rainha,2012,51793,24471,27322
Lourinhã,2012,25705,12423,13282
Nazaré,2012,14813,7033,7780
Óbidos,2012,11757,5701,6056
Peniche,2012,27404,13212,14192
Sobral de Monte Agraço,2012,10193,5007,5186
Torres Vedras,2012,79426,38233,41193
Abrantes,2012,38201,18319,19882
Alcanena,2012,13567,6492,7075
Constância,2012,4053,1918,2135
Entroncamento,2012,20421,9661,10760
Ferreira do Zêzere,2012,8460,4001,4459
Ourém,2012,45638,21510,24128
Sardoal,2012,3913,1903,2010
Tomar,2012,39666,18753,20913
Torres Novas,2012,36338,17283,19055
Vila Nova da Barquinha,2012,7334,3536,3798
Amadora,2012,175631,82344,93287
Cascais,2012,208321,97524,110797
Lisboa,2012,524282,239576,284706
Loures,2012,208042,99360,108682
Mafra,2012,79297,38503,40794
Odivelas,2012,148791,70469,78322
Oeiras,2012,172822,80197,92625
Sintra,2012,379963,181293,198670
Vila Franca de Xira,2012,138710,66548,72162
Alcochete,2012,18175,8736,9439
Almada,2012,172206,81363,90843
Barreiro,2012,77941,36730,41211
Moita,2012,65831,31423,34408
Montijo,2012,53233,25728,27505
Palmela,2012,63694,30723,32971
Seixal,2012,161436,77195,84241
Sesimbra,2012,50214,24652,25562
Setúbal,2012,119799,57086,62713
Alcácer do Sal,2012,12716,6154,6562
Grândola,2012,14954,7663,7291
Odemira,2012,25835,12986,12849
Santiago do Cacém,2012,29833,14604,15229
Sines,2012,14076,6934,7142
Alter do Chão,2012,3501,1651,1850
Arronches,2012,3124,1500,1624
Avis,2012,4529,2155,2374
Campo Maior,2012,8389,4066,4323
Castelo de Vide,2012,3297,1573,1724
Crato,2012,3593,1675,1918
Elvas,2012,22566,10813,11753
Fronteira,2012,3295,1556,1739
Gavião,2012,3977,1881,2096
Marvão,2012,3428,1678,1750
Monforte,2012,3270,1514,1756
Mora,2012,4790,2312,2478
Nisa,2012,7163,3395,3768
Ponte de Sor,2012,16366,7900,8466
Portalegre,2012,24230,11658,12572
Alandroal,2012,5687,2757,2930
Arraiolos,2012,7341,3560,3781
Borba,2012,7245,3567,3678
Estremoz,2012,13944,6632,7312
Évora,2012,55624,26300,29324
Montemor-o-Novo,2012,17073,8255,8818
Mourão,2012,2622,1295,1327
Portel,2012,6326,3118,3208
Redondo,2012,6922,3362,3560
Reguengos de Monsaraz,2012,10721,5241,5480
Sousel,2012,4935,2325,2610
Vendas Novas,2012,11827,5648,6179
Viana do Alentejo,2012,5623,2727,2896
Vila Viçosa,2012,8235,4015,4220
Aljustrel,2012,9031,4457,4574
Almodôvar,2012,7311,3587,3724
Alvito,2012,2533,1221,1312
Barrancos,2012,1782,862,920
Beja,2012,35319,17184,18135
Castro Verde,2012,7290,3589,3701
Cuba,2012,4887,2382,2505
Ferreira do Alentejo,2012,8218,3987,4231
Mértola,2012,6978,3428,3550
Moura,2012,14809,7222,7587
Ourique,2012,5221,2554,2667
Serpa,2012,15467,7579,7888
Vidigueira,2012,5844,2843,3001
Almeirim,2012,23479,11094,12385
Alpiarça,2012,7593,3661,3932
Azambuja,2012,22306,11538,10768
Benavente,2012,29683,14437,15246
Cartaxo,2012,24504,11785,12719
Chamusca,2012,9967,4789,5178
Coruche,2012,19503,9290,10213
Golegã,2012,5389,2498,2891
Rio Maior,2012,21110,10196,10914
Salvaterra de Magos,2012,22196,10614,11582
Santarém,2012,61222,28994,32228
Albufeira,2012,40190,19588,20602
Alcoutim,2012,2725,1354,1371
Aljezur,2012,5724,2809,2915
Castro Marim,2012,6588,3256,3332
Faro,2012,62281,29710,32571
Lagoa (Algarve),2012,22783,11121,11662
Lagos,2012,30776,14808,15968
Loulé,2012,69824,33820,36004
Monchique,2012,5755,2857,2898
Olhão,2012,45216,21813,23403
Portimão,2012,55209,26444,28765
São Brás de Alportel,2012,10552,5157,5395
Silves,2012,36724,18188,18536
Tavira,2012,25753,12406,13347
Vila do Bispo,2012,5223,2577,2646
Vila Real de Santo António,2012,19067,9038,10029
Arcos de Valdevez,2011,22709,10359,12350
Caminha,2011,16645,7716,8929
Melgaço,2011,9137,4053,5084
Monção,2011,19186,8713,10473
Paredes de Coura,2011,9166,4368,4798
Ponte da Barca,2011,12018,5572,6446
Ponte de Lima,2011,43482,20486,22996
Valença,2011,14045,6565,7480
Viana do Castelo,2011,88522,41774,46748
Vila Nova de Cerveira,2011,9239,4414,4825
Amares,2011,18830,9110,9720
Barcelos,2011,120515,58281,62234
Braga,2011,182176,86986,95190
Esposende,2011,34371,16345,18026
Terras de Bouro,2011,7141,3422,3719
Vila Verde,2011,47995,23029,24966
Fafe,2011,50576,23905,26671
Guimarães,2011,158048,76666,81382
Póvoa de Lanhoso,2011,21947,10441,11506
Santo Tirso,2011,71451,34231,37220
Trofa,2011,39010,18812,20198
Vieira do Minho,2011,12900,6202,6698
Vila Nova de Famalicão,2011,134206,65004,69202
Vizela,2011,23860,11689,12171
Espinho,2011,31439,14901,16538
Gondomar,2011,168363,81037,87326
Maia,2011,135937,65100,70837
Matosinhos,2011,175869,83564,92305
Porto,2011,233061,105866,127195
Póvoa de Varzim,2011,63504,30020,33484
Valongo,2011,94577,45289,49288
Vila do Conde,2011,79864,38592,41272
Vila Nova de Gaia,2011,303430,144823,158607
Amarante,2011,56099,26875,29224
Baião,2011,20394,9760,10634
Cabeceiras de Basto,2011,16659,8093,8566
Castelo de Paiva,2011,16642,8129,8513
Celorico de Basto,2011,20087,9739,10348
Cinfães,2011,20254,9836,10418
Felgueiras,2011,58126,28085,30041
Lousada,2011,47547,23135,24412
Marco de Canaveses,2011,53521,26073,27448
Mondim de Basto,2011,7465,3588,3877
Paços de Ferreira,2011,56769,28307,28462
Paredes,2011,87159,42681,44478
Penafiel,2011,72227,35146,37081
Resende,2011,11280,5489,5791
Ribeira de Pena,2011,6517,3198,3319
Arouca,2011,22231,10733,11498
Oliveira de Azeméis,2011,68568,33204,35364
Santa Maria da Feira,2011,140007,67688,72319
São João da Madeira,2011,21749,10248,11501
Vale de Cambra,2011,22772,11030,11742
Alijó,2011,11840,5712,6128
Armamar,2011,6258,2953,3305
Carrazeda de Ansiães,2011,6297,3029,3268
Freixo de Espada à Cinta,2011,3736,1800,1936
Lamego,2011,26566,12666,13900
Mesão Frio,2011,4386,2081,2305
Moimenta da Beira,2011,10190,4882,5308
Penedono,2011,2927,1403,1524
Peso da Régua,2011,17036,8068,8968
Sabrosa,2011,6339,3053,3286
Santa Marta de Penaguião,2011,7274,3422,3852
São João da Pesqueira,2011,7799,3845,3954
Sernancelhe,2011,5673,2750,2923
Tabuaço,2011,6347,3038,3309
Tarouca,2011,8018,3881,4137
Torre de Moncorvo,2011,8497,4069,4428
Vila Flor,2011,6636,3180,3456
Vila Nova de Foz Côa,2011,7218,3406,3812
Vila Real,2011,51782,24663,27119
Alfandega da Fé,2011,5035,2437,2598
Boticas,2011,5694,2741,2953
Bragança,2011,35273,16965,18308
Chaves,2011,41225,19730,21495
Macedo de Cavaleiros,2011,15646,7417,8229
Miranda do Douro,2011,7458,3665,3793
Mirandela,2011,23669,11250,12419
Mogadouro,2011,9435,4636,4799
Montalegre,2011,10387,5014,5373
Murça,2011,5938,2880,3058
Valpaços,2011,16699,7866,8833
Vila Pouca de Aguiar,2011,13093,6311,6782
Vimioso,2011,4610,2250,2360
Vinhais,2011,8951,4413,4538
Águeda,2011,47572,22791,24781
Albergaria-a-Velha,2011,25089,12123,12966
Anadia,2011,28958,13844,15114
Aveiro,2011,78093,36838,41255
Estarreja,2011,26878,12939,13939
Ílhavo,2011,38556,18336,20220
Mealhada,2011,20388,9761,10627
Murtosa,2011,10533,5060,5473
Oliveira do Bairro,2011,23201,10997,12204
Ovar,2011,55244,26513,28731
Sever do Vouga,2011,12253,5908,6345
Vagos,2011,22910,10966,11944
Cantanhede,2011,36571,17344,19227
Coimbra,2011,141360,65876,75484
Condeixa-a-Nova,2011,17234,8046,9188
Figueira da Foz,2011,61918,29215,32703
Mira,2011,12410,5863,6547
Montemor-o-Velho,2011,26138,12569,13569
Penacova,2011,15091,7114,7977
Soure,2011,19033,9037,9996
Batalha,2011,15825,7624,8201
Leiria,2011,126753,61117,65636
Marinha Grande,2011,38741,18591,20150
Pombal,2011,55018,26275,28743
Porto de Mós,2011,24273,11815,12458
Alvaiázere,2011,7222,3374,3848
Ansião,2011,13035,6138,6897
Arganil,2011,12027,5726,6301
Castanheira de Pêra,2011,3122,1477,1645
Figueiró dos Vinhos,2011,6102,2863,3239
Góis,2011,4187,1956,2231
Lousã,2011,17549,8490,9059
Miranda do Corvo,2011,13094,6302,6792
Oliveira do Hospital,2011,20722,9929,10793
Pampilhosa da Serra,2011,4430,2042,2388
Pedrógão Grande,2011,3850,1824,2026
Penela,2011,5910,2788,3122
Tábua,2011,12012,5714,6298
Vila Nova de Poiares,2011,7266,3467,3799
Aguiar da Beira,2011,5410,2540,2870
Carregal do Sal,2011,9784,4638,5146
Castro Daire,2011,15182,7292,7890
Mangualde,2011,19772,9498,10274
Mortágua,2011,9531,4546,4985
Nelas,2011,13951,6618,7333
Oliveira de Frades,2011,10246,4862,5384
Penalva do Castelo,2011,7893,3776,4117
Santa Comba Dão,2011,11474,5392,6082
São Pedro do Sul,2011,16695,7809,8886
Sátão,2011,12370,5861,6509
Tondela,2011,28733,13631,15102
Vila Nova de Paiva,2011,5135,2431,2704
Viseu,2011,99093,46663,52430
Vouzela,2011,10469,4979,5490
Mação,2011,7235,3439,3796
Oleiros,2011,5648,2677,2971
Proença-a-Nova,2011,8240,3933,4307
Sertã,2011,15770,7476,8294
Vila de Rei,2011,3470,1580,1890
Fornos de Algodres,2011,4965,2324,2641
Gouveia,2011,13892,6408,7484
Seia,2011,24466,11620,12846
Almeida,2011,7066,3304,3762
Celorico da Beira,2011,7608,3571,4037
Figueira de Castelo Rodrigo,2011,6224,2979,3245
Guarda,2011,42126,20083,22043
Manteigas,2011,3400,1608,1792
Meda,2011,5118,2425,2693
Pinhel,2011,9503,4511,4992
Sabugal,2011,12351,5791,6560
Trancoso,2011,9815,4655,5160
Castelo Branco,2011,55600,26387,29213
Idanha-a-Nova,2011,9566,4553,5013
Penamacor,2011,5585,2721,2864
Vila Velha de Ródão,2011,3495,1625,1870
Belmonte,2011,6808,3273,3535
Covilhã,2011,51196,24402,26794
Fundão,2011,28940,13850,15090
Alcobaça,2011,56472,27296,29176
Alenquer,2011,43285,21045,22240
Arruda dos Vinhos,2011,13702,6701,7001
Bombarral,2011,13102,6307,6795
Cadaval,2011,14196,6851,7345
Caldas da Rainha,2011,51791,24498,27293
Lourinhã,2011,25752,12479,13273
Nazaré,2011,14988,7125,7863
Óbidos,2011,11768,5713,6055
Peniche,2011,27581,13316,14265
Sobral de Monte Agraço,2011,10169,5001,5168
Torres Vedras,2011,79505,38303,41202
Abrantes,2011,38831,18670,20161
Alcanena,2011,13729,6594,7135
Constância,2011,4052,1930,2122
Entroncamento,2011,20322,9636,10686
Ferreira do Zêzere,2011,8562,4056,4506
Ourém,2011,45885,21613,24272
Sardoal,2011,3945,1927,2018
Tomar,2011,40208,19027,21181
Torres Novas,2011,36590,17408,19182
Vila Nova da Barquinha,2011,7341,3554,3787
Amadora,2011,175738,82551,93187
Cascais,2011,207924,97548,110376
Lisboa,2011,537412,246028,291384
Loures,2011,207063,99089,107974
Mafra,2011,78233,38062,40171
Odivelas,2011,146970,69822,77148
Oeiras,2011,172764,80380,92384
Sintra,2011,379786,181594,198192
Vila Franca de Xira,2011,138142,66409,71733
Alcochete,2011,17916,8644,9272
Almada,2011,173574,82221,91353
Barreiro,2011,78574,37162,41412
Moita,2011,66125,31701,34424
Montijo,2011,52347,25304,27043
Palmela,2011,63412,30688,32724
Seixal,2011,160237,76808,83429
Sesimbra,2011,49969,24540,25429
Setúbal,2011,120864,57799,63065
Alcácer do Sal,2011,12938,6268,6670
Grândola,2011,14915,7588,7327
Odemira,2011,26010,13116,12894
Santiago do Cacém,2011,29830,14620,15210
Sines,2011,14185,6991,7194
Alter do Chão,2011,3556,1678,1878
Arronches,2011,3136,1518,1618
Avis,2011,4571,2181,2390
Campo Maior,2011,8429,4091,4338
Castelo de Vide,2011,3371,1609,1762
Crato,2011,3660,1704,1956
Elvas,2011,22890,10980,11910
Fronteira,2011,3364,1598,1766
Gavião,2011,4069,1927,2142
Marvão,2011,3482,1707,1775
Monforte,2011,3304,1535,1769
Mora,2011,4893,2370,2523
Nisa,2011,7337,3479,3858
Ponte de Sor,2011,16570,8006,8564
Portalegre,2011,24602,11820,12782
Alandroal,2011,5787,2809,2978
Arraiolos,2011,7373,3577,3796
Borba,2011,7317,3608,3709
Estremoz,2011,14186,6743,7443
Évora,2011,56218,26613,29605
Montemor-o-Novo,2011,17275,8364,8911
Mourão,2011,2644,1301,1343
Portel,2011,6381,3139,3242
Redondo,2011,6994,3407,3587
Reguengos de Monsaraz,2011,10784,5259,5525
Sousel,2011,5016,2356,2660
Vendas Novas,2011,11857,5685,6172
Viana do Alentejo,2011,5706,2763,2943
Vila Viçosa,2011,8273,4032,4241
Aljustrel,2011,9146,4518,4628
Almodôvar,2011,7387,3635,3752
Alvito,2011,2527,1214,1313
Barrancos,2011,1807,877,930
Beja,2011,35616,17282,18334
Castro Verde,2011,7295,3582,3713
Cuba,2011,4898,2400,2498
Ferreira do Alentejo,2011,8253,4013,4240
Mértola,2011,7147,3524,3623
Moura,2011,15005,7349,7656
Ourique,2011,5322,2611,2711
Serpa,2011,15570,7616,7954
Vidigueira,2011,5902,2892,3010
Almeirim,2011,23483,11120,12363
Alpiarça,2011,7652,3677,3975
Azambuja,2011,22078,11291,10787
Benavente,2011,29372,14313,15059
Cartaxo,2011,24522,11845,12677
Chamusca,2011,10071,4853,5218
Coruche,2011,19762,9444,10318
Golegã,2011,5435,2530,2905
Rio Maior,2011,21201,10261,10940
Salvaterra de Magos,2011,22223,10650,11573
Santarém,2011,61788,29270,32518
Albufeira,2011,40351,19681,20670
Alcoutim,2011,2816,1398,1418
Aljezur,2011,5787,2851,2936
Castro Marim,2011,6634,3282,3352
Faro,2011,63172,30124,33048
Lagoa (Algarve),2011,22798,11147,11651
Lagos,2011,30805,14855,15950
Loulé,2011,69988,33936,36052
Monchique,2011,5886,2935,2951
Olhão,2011,45157,21872,23285
Portimão,2011,55265,26506,28759
São Brás de Alportel,2011,10558,5154,5404
Silves,2011,36780,18245,18535
Tavira,2011,25860,12522,13338
Vila do Bispo,2011,5238,2594,2644
Vila Real de Santo António,2011,19045,9048,9997
Arcos de Valdevez,2010,22906,10455,12451
Caminha,2010,16726,7754,8972
Melgaço,2010,9245,4094,5151
Monção,2010,19282,8762,10520
Paredes de Coura,2010,9213,4390,4823
Ponte da Barca,2010,12083,5606,6477
Ponte de Lima,2010,43554,20550,23004
Valença,2010,14155,6630,7525
Viana do Castelo,2010,88851,41954,46897
Vila Nova de Cerveira,2010,9291,4435,4856
Amares,2010,18901,9142,9759
Barcelos,2010,120458,58341,62117
Braga,2010,181481,86724,94757
Esposende,2010,34289,16297,17992
Terras de Bouro,2010,7280,3485,3795
Vila Verde,2010,47974,22998,24976
Fafe,2010,50684,23965,26719
Guimarães,2010,158211,76861,81350
Póvoa de Lanhoso,2010,21896,10423,11473
Santo Tirso,2010,71612,34379,37233
Trofa,2010,39033,18844,20189
Vieira do Minho,2010,13021,6264,6757
Vila Nova de Famalicão,2010,133901,64918,68983
Vizela,2010,23746,11660,12086
Espinho,2010,31817,15121,16696
Gondomar,2010,168168,81131,87037
Maia,2010,135330,64891,70439
Matosinhos,2010,175600,83542,92058
Porto,2010,238046,108348,129698
Póvoa de Varzim,2010,63483,30023,33460
Valongo,2010,93901,45067,48834
Vila do Conde,2010,79582,38493,41089
Vila Nova de Gaia,2010,302541,144683,157858
Amarante,2010,56314,27002,29312
Baião,2010,20561,9831,10730
Cabeceiras de Basto,2010,16739,8132,8607
Castelo de Paiva,2010,16756,8196,8560
Celorico de Basto,2010,20133,9769,10364
Cinfães,2010,20464,9951,10513
Felgueiras,2010,58114,28148,29966
Lousada,2010,47414,23100,24314
Marco de Canaveses,2010,53507,26083,27424
Mondim de Basto,2010,7522,3610,3912
Paços de Ferreira,2010,56350,28103,28247
Paredes,2010,86849,42538,44311
Penafiel,2010,72330,35240,37090
Resende,2010,11397,5540,5857
Ribeira de Pena,2010,6564,3213,3351
Arouca,2010,22380,10820,11560
Oliveira de Azeméis,2010,68700,33327,35373
Santa Maria da Feira,2010,139404,67471,71933
São João da Madeira,2010,21723,10234,11489
Vale de Cambra,2010,22906,11104,11802
Alijó,2010,11962,5781,6181
Armamar,2010,6324,2997,3327
Carrazeda de Ansiães,2010,6389,3074,3315
Freixo de Espada à Cinta,2010,3793,1831,1962
Lamego,2010,26745,12745,14000
Mesão Frio,2010,4444,2120,2324
Moimenta da Beira,2010,10211,4888,5323
Penedono,2010,2962,1419,1543
Peso da Régua,2010,17157,8124,9033
Sabrosa,2010,6378,3077,3301
Santa Marta de Penaguião,2010,7371,3473,3898
São João da Pesqueira,2010,7905,3905,4000
Sernancelhe,2010,5681,2755,2926
Tabuaço,2010,6364,3054,3310
Tarouca,2010,8068,3909,4159
Torre de Moncorvo,2010,8613,4131,4482
Vila Flor,2010,6713,3225,3488
Vila Nova de Foz Côa,2010,7322,3464,3858
Vila Real,2010,51923,24706,27217
Alfandega da Fé,2010,5105,2469,2636
Boticas,2010,5768,2790,2978
Bragança,2010,35394,17001,18393
Chaves,2010,41336,19787,21549
Macedo de Cavaleiros,2010,15806,7514,8292
Miranda do Douro,2010,7512,3684,3828
Mirandela,2010,23902,11381,12521
Mogadouro,2010,9565,4711,4854
Montalegre,2010,10578,5115,5463
Murça,2010,5962,2895,3067
Valpaços,2010,16931,8005,8926
Vila Pouca de Aguiar,2010,13214,6376,6838
Vimioso,2010,4701,2299,2402
Vinhais,2010,9098,4499,4599
Águeda,2010,47787,22930,24857
Albergaria-a-Velha,2010,25282,12240,13042
Anadia,2010,29208,13997,15211
Aveiro,2010,78463,37147,41316
Estarreja,2010,27010,13026,13984
Ílhavo,2010,38624,18431,20193
Mealhada,2010,20462,9853,10609
Murtosa,2010,10601,5101,5500
Oliveira do Bairro,2010,23029,10911,12118
Ovar,2010,55436,26698,28738
Sever do Vouga,2010,12391,5983,6408
Vagos,2010,22872,10995,11877
Cantanhede,2010,36657,17427,19230
Coimbra,2010,143589,67045,76544
Condeixa-a-Nova,2010,17109,8016,9093
Figueira da Foz,2010,62263,29455,32808
Mira,2010,12497,5922,6575
Montemor-o-Velho,2010,26207,12632,13575
Penacova,2010,15286,7227,8059
Soure,2010,19298,9188,10110
Batalha,2010,15830,7663,8167
Leiria,2010,126925,61338,65587
Marinha Grande,2010,38726,18669,20057
Pombal,2010,55339,26509,28830
Porto de Mós,2010,24374,11883,12491
Alvaiázere,2010,7322,3419,3903
Ansião,2010,13166,6212,6954
Arganil,2010,12183,5805,6378
Castanheira de Pêra,2010,3206,1523,1683
Figueiró dos Vinhos,2010,6193,2905,3288
Góis,2010,4272,2008,2264
Lousã,2010,17619,8533,9086
Miranda do Corvo,2010,13131,6333,6798
Oliveira do Hospital,2010,20900,10033,10867
Pampilhosa da Serra,2010,4507,2082,2425
Pedrógão Grande,2010,3932,1862,2070
Penela,2010,5995,2849,3146
Tábua,2010,12113,5766,6347
Vila Nova de Poiares,2010,7289,3493,3796
Aguiar da Beira,2010,5497,2596,2901
Carregal do Sal,2010,9837,4665,5172
Castro Daire,2010,15369,7383,7986
Mangualde,2010,19929,9577,10352
Mortágua,2010,9634,4641,4993
Nelas,2010,14037,6680,7357
Oliveira de Frades,2010,10273,4879,5394
Penalva do Castelo,2010,7967,3822,4145
Santa Comba Dão,2010,11612,5478,6134
São Pedro do Sul,2010,16880,7914,8966
Sátão,2010,12491,5925,6566
Tondela,2010,29014,13772,15242
Vila Nova de Paiva,2010,5183,2464,2719
Viseu,2010,99313,46945,52368
Vouzela,2010,10575,5037,5538
Mação,2010,7383,3513,3870
Oleiros,2010,5747,2734,3013
Proença-a-Nova,2010,8343,4001,4342
Sertã,2010,15934,7575,8359
Vila de Rei,2010,3466,1590,1876
Fornos de Algodres,2010,4993,2353,2640
Gouveia,2010,14096,6530,7566
Seia,2010,24758,11782,12976
Almeida,2010,7279,3412,3867
Celorico da Beira,2010,7724,3634,4090
Figueira de Castelo Rodrigo,2010,6282,3012,3270
Guarda,2010,42615,20359,22256
Manteigas,2010,3445,1629,1816
Meda,2010,5220,2466,2754
Pinhel,2010,9647,4596,5051
Sabugal,2010,12591,5912,6679
Trancoso,2010,9922,4716,5206
Castelo Branco,2010,56218,26706,29512
Idanha-a-Nova,2010,9764,4644,5120
Penamacor,2010,5733,2792,2941
Vila Velha de Ródão,2010,3538,1653,1885
Belmonte,2010,6877,3303,3574
Covilhã,2010,51901,24776,27125
Fundão,2010,29276,14044,15232
Alcobaça,2010,56815,27533,29282
Alenquer,2010,43303,21098,22205
Arruda dos Vinhos,2010,13395,6569,6826
Bombarral,2010,13209,6369,6840
Cadaval,2010,14269,6900,7369
Caldas da Rainha,2010,51798,24550,27248
Lourinhã,2010,25768,12532,13236
Nazaré,2010,15184,7259,7925
Óbidos,2010,11788,5735,6053
Peniche,2010,27811,13483,14328
Sobral de Monte Agraço,2010,10173,5013,5160
Torres Vedras,2010,79552,38420,41132
Abrantes,2010,39464,19020,20444
Alcanena,2010,13889,6705,7184
Constância,2010,4052,1943,2109
Entroncamento,2010,20217,9633,10584
Ferreira do Zêzere,2010,8634,4102,4532
Ourém,2010,46001,21698,24303
Sardoal,2010,3946,1928,2018
Tomar,2010,40786,19328,21458
Torres Novas,2010,36812,17558,19254
Vila Nova da Barquinha,2010,7320,3559,3761
Amadora,2010,175141,82398,92743
Cascais,2010,206449,96870,109579
Lisboa,2010,548422,251230,297192
Loures,2010,204987,98291,106696
Mafra,2010,76671,37325,39346
Odivelas,2010,144444,68817,75627
Oeiras,2010,172191,80208,91983
Sintra,2010,377680,180702,196978
Vila Franca de Xira,2010,136875,65827,71048
Alcochete,2010,17564,8495,9069
Almada,2010,174237,82640,91597
Barreiro,2010,78913,37455,41458
Moita,2010,66056,31724,34332
Montijo,2010,51207,24725,26482
Palmela,2010,62876,30515,32361
Seixal,2010,158285,75982,82303
Sesimbra,2010,49506,24326,25180
Setúbal,2010,121257,58060,63197
Alcácer do Sal,2010,13065,6341,6724
Grândola,2010,14876,7543,7333
Odemira,2010,26124,13204,12920
Santiago do Cacém,2010,29792,14607,15185
Sines,2010,14255,7039,7216
Alter do Chão,2010,3588,1692,1896
Arronches,2010,3178,1542,1636
Avis,2010,4583,2184,2399
Campo Maior,2010,8469,4110,4359
Castelo de Vide,2010,3423,1636,1787
Crato,2010,3740,1742,1998
Elvas,2010,23110,11113,11997
Fronteira,2010,3424,1635,1789
Gavião,2010,4156,1969,2187
Marvão,2010,3529,1727,1802
Monforte,2010,3337,1556,1781
Mora,2010,4995,2428,2567
Nisa,2010,7487,3550,3937
Ponte de Sor,2010,16760,8110,8650
Portalegre,2010,24976,11993,12983
Alandroal,2010,5869,2844,3025
Arraiolos,2010,7372,3577,3795
Borba,2010,7348,3626,3722
Estremoz,2010,14326,6816,7510
Évora,2010,56653,26849,29804
Montemor-o-Novo,2010,17478,8494,8984
Mourão,2010,2665,1316,1349
Portel,2010,6439,3158,3281
Redondo,2010,7055,3449,3606
Reguengos de Monsaraz,2010,10846,5286,5560
Sousel,2010,5098,2386,2712
Vendas Novas,2010,11853,5720,6133
Viana do Alentejo,2010,5758,2788,2970
Vila Viçosa,2010,8338,4068,4270
Aljustrel,2010,9277,4589,4688
Almodôvar,2010,7459,3681,3778
Alvito,2010,2517,1205,1312
Barrancos,2010,1836,892,944
Beja,2010,35904,17430,18474
Castro Verde,2010,7289,3573,3716
Cuba,2010,4884,2384,2500
Ferreira do Alentejo,2010,8280,4037,4243
Mértola,2010,7304,3612,3692
Moura,2010,15176,7446,7730
Ourique,2010,5421,2667,2754
Serpa,2010,15676,7656,8020
Vidigueira,2010,5939,2919,3020
Almeirim,2010,23380,11105,12275
Alpiarça,2010,7715,3706,4009
Azambuja,2010,21850,11039,10811
Benavente,2010,28999,14153,14846
Cartaxo,2010,24506,11866,12640
Chamusca,2010,10140,4895,5245
Coruche,2010,20001,9548,10453
Golegã,2010,5469,2563,2906
Rio Maior,2010,21220,10269,10951
Salvaterra de Magos,2010,22191,10652,11539
Santarém,2010,62309,29499,32810
Albufeira,2010,40796,20010,20786
Alcoutim,2010,2930,1462,1468
Aljezur,2010,5895,2921,2974
Castro Marim,2010,6755,3361,3394
Faro,2010,64600,30951,33649
Lagoa (Algarve),2010,22985,11303,11682
Lagos,2010,31060,15102,15958
Loulé,2010,70659,34467,36192
Monchique,2010,6077,3062,3015
Olhão,2010,45401,22183,23218
Portimão,2010,55654,26890,28764
São Brás de Alportel,2010,10671,5233,5438
Silves,2010,37161,18560,18601
Tavira,2010,26215,12847,13368
Vila do Bispo,2010,5269,2633,2636
Vila Real de Santo António,2010,19176,9160,10016
